model_name,roc_auc,pr_auc,accuracy,precision,recall,inference_time_sec,avg_latency_ms_per_row,throughput_rows_per_sec,model_size_kb
logistic_v1,0.950874,0.68283,0.999263,0.833333,0.714286,0.008237,0.000145,6915549.85,1.66
xgboost_v1,0.975398,0.872965,0.999508,0.897727,0.806122,0.038709,0.00068,1471551.69,206.75
